UID,Title,Medium,QTY,Price
,Signed Flora & Fauna Photo Card,Natural Cardstock,,8
,Signed Flora & Fauna Photo Card,Natural Cardstock,,8
,Signed Flora & Fauna Photo Card,Natural Cardstock,,8
,Signed Flora & Fauna Photo Card,Natural Cardstock,,8
,Signed Flora & Fauna Photo Card,Natural Cardstock,,8
,Signed Flora & Fauna Photo Card,Natural Cardstock,,8
,Signed Flora & Fauna Photo Card,Natural Cardstock,,8
,Signed Flora & Fauna Photo Card,Natural Cardstock,,8
,Signed Flora & Fauna Photo Card,Natural Cardstock,,8
,Signed Flora & Fauna Photo Card,Natural Cardstock,,8
,Signed Flora & Fauna Photo Card,Natural Cardstock,,8
,Signed Flora & Fauna Photo Card,Natural Cardstock,,8
,Signed Flora & Fauna Photo Card,White Cardstock,,8
,Signed Flora & Fauna Photo Card,White Cardstock,,8
,Signed Flora & Fauna Photo Card,White Cardstock,,8
,Signed Flora & Fauna Photo Card,White Cardstock,,8
,Signed Flora & Fauna Photo Card,White Cardstock,,8
,Signed Flora & Fauna Photo Card,White Cardstock,,8
,Signed Flora & Fauna Photo Card,White Cardstock,,8
,Signed Flora & Fauna Photo Card,White Cardstock,,8
,Signed Flora & Fauna Photo Card,White Cardstock,,8
,Signed Flora & Fauna Photo Card,White Cardstock,,8
,Signed Flora & Fauna Photo Card,White Cardstock,,8
,Signed Flora & Fauna Photo Card,White Cardstock,,8
,Framed Print - Painted Lady Butterfly & Bee,Framed Print w/ Mat,,75
,Framed Print - Pink Sulpher Butterfly,Framed Print w/ Mat,,75
,Framed Print - Pink Sulpher Butterfly,Framed Print w/ Mat,,50
,Framed Print - Pink Sulpher Butterfly,Framed Print w/ Mat,,50
,Framed Print - Painted Lady Butterfly & Bee,Framed Print w/ Mat,,50
,Framed Print - Painted Lady Butterfly & Bee,Framed Print w/ Mat,,50
,Framed Print - Twice Stabbed Stink Bee,Framed Print w/ Mat,,50
,Framed Print - Longhorn Heart Millkweed Beetle,Framed Print w/ Mat,,50
,Framed Print - Bumble on Marigold,Framed Print w/ Mat,,50
,Framed Print - Honeybee on Rose,Framed Print w/ Mat,,50